stop_id,station_name,station_latitude,station_longitude,annual_passenger_count_2019,annual_passenger_count_2024,annual_change,annual_change_pct
19827,Stony Point,-38.37423454,145.2218375,4350,6950,2600,0.5977011494252874
19828,Crib Point,-38.36612338,145.2040433,10800,7900,-2900,-0.26851851851851855
19829,Morradoo,-38.35403334,145.1896025,3400,3400,0,0.0
19830,Bittern,-38.33739032,145.1780265,9400,8800,-600,-0.06382978723404255
19831,Hastings,-38.30565853,145.1859799,14000,10850,-3150,-0.225
19832,Tyabb,-38.259815,145.1864007,3700,4050,350,0.0945945945945946
19833,Somerville,-38.22534196,145.1762449,8950,8050,-900,-0.1005586592178771
19834,Baxter,-38.19404306,145.1605261,2000,2500,500,0.25
19835,Glen Iris,-37.85930842,145.0582249,253400,261300,7900,0.031176006314127862
19836,Leawarra,-38.152034,145.139534,6750,5500,-1250,-0.18518518518518517
19837,Darling,-37.86895684,145.0629508,267750,262650,-5100,-0.01904761904761905
19838,East Malvern,-37.87693002,145.069393,400500,333800,-66700,-0.166541822721598
19839,Holmesglen,-37.87440222,145.090662,439050,383100,-55950,-0.12743423300307483
19840,Jordanville,-37.87360339,145.1120902,402000,388950,-13050,-0.03246268656716418
19844,Belgrave,-37.9091021,145.3552913,296550,283100,-13450,-0.04535491485415613
19845,Tecoma,-37.90811849,145.3429946,59400,47250,-12150,-0.20454545454545456
19846,Upwey,-37.90369097,145.3313334,120700,97850,-22850,-0.18931234465617233
19847,Alamein,-37.86832039,145.0796557,113450,96200,-17250,-0.15204936095196123
19848,Ashburton,-37.86196753,145.0813438,239200,201950,-37250,-0.15572742474916387
19849,Burwood,-37.85156328,145.0805111,268750,221250,-47500,-0.17674418604651163
19850,Hartwell,-37.84398457,145.0755596,165200,138050,-27150,-0.1643462469733656
19851,Willison,-37.83571565,145.0702976,80300,73100,-7200,-0.0896637608966376
19852,Riversdale,-37.83150543,145.069646,161750,144000,-17750,-0.10973724884080371
19853,Camberwell,-37.82656714,145.0586972,1496350,1260400,-235950,-0.15768369699602366
19855,Frankston,-38.14299007,145.1261623,896100,1035450,139350,0.15550719785738198
19856,Kananook,-38.12174203,145.1352953,186150,173050,-13100,-0.0703733548213806
19857,Seaford,-38.10402104,145.1282304,317100,320500,3400,0.010722169662567014
19858,Carrum,-38.07489292,145.1224183,41600,343700,302100,7.262019230769231
19859,Bonbeach,-38.06294478,145.1196804,220450,141600,-78850,-0.35767747788614196
19860,Chelsea,-38.05195538,145.1160413,352400,352250,-150,-0.0004256526674233825
19861,Edithvale,-38.03805602,145.1085355,196750,201450,4700,0.02388818297331639
19862,Aspendale,-38.02722019,145.1021496,156650,169500,12850,0.08203000319182892
19863,Mordialloc,-38.00658295,145.0876594,550700,529850,-20850,-0.03786090430361358
19864,Parkdale,-37.99307882,145.0763268,299300,268050,-31250,-0.10441029067824925
19865,Mentone,-37.9818654,145.0651659,528700,583650,54950,0.10393417817287687
19866,Cheltenham,-37.96664989,145.0545579,454850,717500,262650,0.5774431131142135
19867,Upper Ferntree Gully,-37.8926717,145.3075302,210850,180450,-30400,-0.14417832582404552
19868,Ferntree Gully,-37.88169799,145.2952513,375900,337700,-38200,-0.10162277201383346
19869,Boronia,-37.8604518,145.2843851,539350,462850,-76500,-0.1418373968665987
19870,Bayswater,-37.84173004,145.2681364,417400,446150,28750,0.06887877335888835
19871,Heathmont,-37.82832227,145.2445554,214600,199600,-15000,-0.06989748369058714
19872,Highett,-37.948425,145.0418718,328050,410950,82900,0.25270538027739675
19873,Glen Waverley,-37.87950407,145.1620575,1305600,1209700,-95900,-0.07345281862745098
19874,Syndal,-37.87622963,145.1497805,708350,698100,-10250,-0.014470247758876262
19875,Mount Waverley,-37.87525526,145.1280557,662850,658250,-4600,-0.006939729953986573
19876,Lilydale,-37.75551777,145.3477102,556700,512300,-44400,-0.07975570325130232
19877,Mooroolbark,-37.78474883,145.3124024,568300,569250,950,0.001671652296322365
19878,Croydon,-37.79543697,145.2805978,726050,447350,-278700,-0.3838578610288548
19879,Ringwood East,-37.81196804,145.2501909,369900,268800,-101100,-0.2733171127331711
19880,Pakenham,-38.08061397,145.4863791,465800,495750,29950,0.06429798196650924
19881,Officer,-38.06614572,145.4109872,132100,208600,76500,0.579106737320212
19882,Beaconsfield,-38.05083135,145.3660737,234200,199950,-34250,-0.14624252775405636
19883,Berwick,-38.04040829,145.3457261,754550,1008200,253650,0.33616062553840037
19884,Narre Warren,-38.02780932,145.3039694,587550,522200,-65350,-0.11122457663177603
19885,Hallam,-38.01774038,145.2697768,463500,521500,58000,0.12513484358144553
19886,Cranbourne,-38.09953731,145.280599,773050,1054250,281200,0.3637539615807516
19887,Merinda Park,-38.07900048,145.2635114,301600,577750,276150,0.9156167108753316
19888,Dandenong,-37.98996792,145.2097254,1819050,1970750,151700,0.08339517880212198
19889,Yarraman,-37.97825454,145.1916003,283350,272450,-10900,-0.038468325392623966
19890,Noble Park,-37.96723193,145.1769357,868350,993800,125450,0.1444693959808833
19891,Sandown Park,-37.95650457,145.1628259,443950,458700,14750,0.03322446221421331
19892,East Camberwell,-37.82589419,145.0681902,201450,185950,-15500,-0.0769421692727724
19893,Canterbury,-37.82448518,145.0812242,284700,268450,-16250,-0.05707762557077625
19894,Chatham,-37.82429952,145.0886479,196950,183300,-13650,-0.06930693069306931
19897,Laburnum,-37.82078023,145.1407027,340950,316900,-24050,-0.07053820208241678
19898,Blackburn,-37.82007075,145.1500135,1185100,1206950,21850,0.018437262678255
19899,Nunawading,-37.82060317,145.1748917,888900,758050,-130850,-0.14720440994487569
19900,Mitcham,-37.81800987,145.1919735,945050,925550,-19500,-0.020633828897941908
19901,Heatherdale,-37.81889537,145.2127872,471200,448700,-22500,-0.04775042444821732
19902,Ringwood,-37.81588648,145.2289685,1475200,1514250,39050,0.02647098698481562
19903,Auburn,-37.82239831,145.0458437,584350,650000,65650,0.11234705228031146
19904,Glenferrie,-37.82146682,145.0364388,1949900,1978650,28750,0.014744345863890456
19905,Hawthorn,-37.82182601,145.0228987,553450,531400,-22050,-0.039840997380070464
19906,Burnley,-37.82756022,145.0075551,633700,881250,247550,0.3906422597443585
19907,East Richmond,-37.82639995,144.9970657,506300,575900,69600,0.13746790440450327
19909,Heyington,-37.83467244,145.0226353,163100,189500,26400,0.1618638871857756
19910,Kooyong,-37.83992894,145.0335516,263150,233000,-30150,-0.1145734372031161
19911,Tooronga,-37.84936553,145.0417337,456150,453150,-3000,-0.006576783952647156
19912,Gardiner,-37.85327908,145.0516547,389800,399400,9600,0.024628014366341714
19913,Springvale,-37.94950878,145.1534518,1295050,1429400,134350,0.10374116829466044
19914,Westall,-37.93849121,145.1388326,676550,634250,-42300,-0.0625230951149213
19915,Clayton,-37.92468255,145.1205344,1388700,1514000,125300,0.0902282710448621
19916,Huntingdale,-37.91101734,145.1023643,1151750,1590050,438300,0.38055133492511395
19917,Oakleigh,-37.90037214,145.0883079,1215300,1624200,408900,0.33646013330041963
19918,Hughesdale,-37.89488129,145.0776351,501050,555350,54300,0.10837241792236303
19919,Murrumbeena,-37.89019832,145.0673749,625600,712400,86800,0.1387468030690537
19920,Carnegie,-37.88624148,145.0585751,833000,1015400,182400,0.21896758703481392
19921,Werribee,-37.89937805,144.661118,1061600,1049600,-12000,-0.011303692539562924
19922,Hoppers Crossing,-37.88327618,144.7009549,1079900,925850,-154050,-0.14265209741642745
19923,Laverton,-37.86369404,144.7726167,944750,892250,-52500,-0.055570256681661816
19924,Aircraft,-37.86660595,144.7608094,248950,248850,-100,-0.0004016870857601928
19925,Westona,-37.86516348,144.8134936,212000,229400,17400,0.0820754716981132
19926,Altona,-37.8671476,144.8296447,261900,263300,1400,0.005345551737304314
19927,Seaholme,-37.86784231,144.8409577,89300,93100,3800,0.0425531914893617
19928,Westgarth,-37.7806207,144.9992332,227000,201950,-25050,-0.11035242290748899
19929,Dennis,-37.77918729,145.0082416,305550,260800,-44750,-0.14645720831287842
19930,Fairfield,-37.77917126,145.0169053,509000,437700,-71300,-0.14007858546168958
19931,Alphington,-37.77839363,145.0312549,239400,249100,9700,0.04051796157059315
19932,Darebin,-37.77496341,145.038476,118850,112450,-6400,-0.05384938998737905
19933,Ivanhoe,-37.76889674,145.0454252,604100,617600,13500,0.02234729349445456
19934,Eaglemont,-37.76358553,145.0539427,128000,126500,-1500,-0.01171875
19935,Heidelberg,-37.75707293,145.0606855,647000,822300,175300,0.27094281298299844
19936,Rosanna,-37.7428786,145.0661403,552500,432900,-119600,-0.2164705882352941
19937,Moorabbin,-37.93435329,145.0367383,671250,520000,-151250,-0.22532588454376165
19938,Patterson,-37.92514919,145.03547,249700,287550,37850,0.15158189827793353
19939,Bentleigh,-37.91742457,145.0369951,515100,586000,70900,0.1376431760823141
19940,Mckinnon,-37.91030903,145.038299,324500,369950,45450,0.14006163328197227
19941,Ormond,-37.90321167,145.0396134,528350,539450,11100,0.021008800984196083
19942,Glenhuntly,-37.88971946,145.0422229,660200,641550,-18650,-0.028249015449863676
19943,Caulfield,-37.87745946,145.0425248,2853200,3205100,351900,0.1233352025795598
19944,Malvern,-37.8662533,145.0292939,586650,703650,117000,0.19943748401943237
19945,Armadale,-37.85645238,145.0193255,414400,469600,55200,0.13320463320463322
19946,Toorak,-37.85077381,145.0139086,370450,417900,47450,0.12808746119584288
19947,Hawksburn,-37.84459087,145.0021421,369550,447000,77450,0.2095792179677987
19948,Sandringham,-37.95033018,145.0045614,813600,710850,-102750,-0.1262905604719764
19949,Hampton,-37.93797681,145.0014706,501150,482700,-18450,-0.036815324753067945
19950,Brighton Beach,-37.92648432,144.9891536,345550,332650,-12900,-0.03733178990015917
19951,Middle Brighton,-37.91513441,144.9962991,567700,512250,-55450,-0.09767482825435969
19952,North Brighton,-37.90488721,145.002605,554050,502000,-52050,-0.09394458983846224
19953,Gardenvale,-37.89669508,145.0041684,421550,380050,-41500,-0.09844621041394852
19954,Elsternwick,-37.88475311,145.0008979,797150,763550,-33600,-0.04215015994480336
19955,Ripponlea,-37.87590643,144.9952366,531200,465900,-65300,-0.12292921686746988
19956,Balaclava,-37.86948773,144.9935121,923000,752350,-170650,-0.18488624052004335
19957,Windsor,-37.85605308,144.9920352,714100,586800,-127300,-0.1782663492508052
19958,Prahran,-37.84951848,144.9898599,951300,879500,-71800,-0.07547566487963839
19959,South Yarra,-37.83844935,144.9923422,3151600,3199050,47450,0.015055844650336337
19960,Upfield,-37.66607779,144.9467399,284700,264250,-20450,-0.07182999648753073
19961,Gowrie,-37.700678,144.9588743,258500,232350,-26150,-0.1011605415860735
19962,Fawkner,-37.71462129,144.960545,165300,146600,-18700,-0.11312764670296431
19963,Merlynston,-37.72093389,144.9613135,296300,284100,-12200,-0.041174485318933515
19964,Batman,-37.73352285,144.9628406,257000,228750,-28250,-0.10992217898832685
19965,Coburg,-37.74234502,144.9633363,508700,511300,2600,0.00511106742677413
19966,Moreland,-37.75448484,144.961823,272400,273050,650,0.0023861967694566812
19967,Anstey,-37.76124203,144.960684,357050,365100,8050,0.022545861924100265
19968,Brunswick,-37.76772055,144.9595865,304300,350600,46300,0.1521524811041735
19969,Jewell,-37.77498702,144.9587169,315750,395350,79600,0.252098178939034
19970,Royal Park,-37.78119293,144.9523013,269450,291800,22350,0.08294674336611617
19971,Flemington Bridge,-37.78813995,144.9393233,225150,273600,48450,0.21518987341772153
19972,Macaulay,-37.79426673,144.9361663,249450,303550,54100,0.21687712968530767
19974,Clifton Hill,-37.78865745,144.9954167,709000,719300,10300,0.014527503526093088
19975,Victoria Park,-37.79915782,144.9944514,612450,659700,47250,0.07714915503306392
19976,Collingwood,-37.80452593,144.9937497,460950,487500,26550,0.05759843800846079
19977,North Richmond,-37.81039836,144.9925003,738350,608300,-130050,-0.17613597887180876
19978,West Richmond,-37.81494896,144.9914228,436500,407750,-28750,-0.06586483390607102
19983,Macleod,-37.7260123,145.0691433,469500,314850,-154650,-0.3293929712460064
19984,Watsonia,-37.71095798,145.0837934,577000,315600,-261400,-0.4530329289428076
19985,Greensborough,-37.70395408,145.1082474,588050,378250,-209800,-0.35677238330073974
19986,Montmorency,-37.71529624,145.1215157,254100,175700,-78400,-0.3085399449035813
19987,Eltham,-37.71354967,145.147822,461400,344100,-117300,-0.2542262678803641
19988,Diamond Creek,-37.67329744,145.1585062,151700,114700,-37000,-0.24390243902439024
19989,Wattle Glen,-37.66396792,145.1816145,35850,27200,-8650,-0.2412831241283124
19990,Hurstbridge,-37.63939817,145.1920169,98200,75700,-22500,-0.22912423625254583
19991,Williamstown,-37.86775292,144.9053233,132850,149500,16650,0.1253293187805796
19992,Williamstown Beach,-37.86398189,144.8944837,162050,166350,4300,0.026535020055538414
19993,North Williamstown,-37.85733348,144.8890695,289450,271600,-17850,-0.06166868198307134
19994,Newport,-37.84271757,144.8835999,1037400,1245950,208550,0.20103142471563523
19995,Spotswood,-37.83063888,144.8859335,273300,354600,81300,0.29747530186608123
19996,Yarraville,-37.81585044,144.8899337,785800,820600,34800,0.04428607788241283
19997,Seddon,-37.80900514,144.8956716,379400,416600,37200,0.09804955192409066
15351,Sunbury,-37.57909097,144.7273188,628800,691050,62250,0.09899809160305344
15353,Diggers Rest,-37.62701651,144.7199224,185050,165600,-19450,-0.1051067279113753
20000,Watergardens,-37.70112872,144.7741805,1300950,1295450,-5500,-0.004227679772473961
20001,Keilor Plains,-37.72927934,144.7937381,632200,599750,-32450,-0.051328693451439415
20002,St Albans,-37.74486131,144.8000505,963000,962650,-350,-0.00036344755970924193
20003,Ginifer,-37.75751083,144.8095734,659350,624500,-34850,-0.052855084552968834
20004,Albion,-37.77765281,144.8247036,537450,413900,-123550,-0.2298818494743697
20005,Epping,-37.65238715,145.0301217,690350,748150,57800,0.08372564641124068
20006,Lalor,-37.66585075,145.0171932,477500,494550,17050,0.03570680628272251
20007,Thomastown,-37.68033809,145.0142789,600300,595700,-4600,-0.007662835249042145
20008,Keon Park,-37.69487012,145.0118838,313250,293800,-19450,-0.06209098164405427
20009,Ruthven,-37.70789754,145.0095166,334100,289350,-44750,-0.1339419335528285
20010,Reservoir,-37.71688492,145.0069958,517550,757800,240250,0.464206356873732
20011,Regent,-37.72840277,145.0027726,399650,382700,-16950,-0.042412110596772176
20012,Preston,-37.73867424,145.000522,648650,581250,-67400,-0.10390811685808989
20013,Bell,-37.74556212,145.000155,444100,412250,-31850,-0.07171808151317272
20014,Thornbury,-37.75505179,144.9985715,544200,376150,-168050,-0.3088019110621095
20015,Croxton,-37.764101,144.9970562,281250,244250,-37000,-0.13155555555555556
20016,Northcote,-37.76986537,144.9952772,308200,293050,-15150,-0.04915639195327709
20017,Merri,-37.77784668,144.9929725,153450,147850,-5600,-0.036493971977842946
20019,Rushall,-37.78321711,144.9924071,124600,123150,-1450,-0.011637239165329053
20021,Sunshine,-37.78853633,144.8328782,1753250,1577600,-175650,-0.10018537002709255
20022,Tottenham,-37.7992509,144.8629449,442450,394350,-48100,-0.1087128489094813
20023,West Footscray,-37.8018087,144.8853248,515950,512550,-3400,-0.006589785831960461
20024,Middle Footscray,-37.8025047,144.8914721,191600,190800,-800,-0.0041753653444676405
20025,Footscray,-37.80108298,144.9031992,4038750,4383950,345200,0.08547199009594553
20026,South Kensington,-37.79953087,144.925469,304750,324400,19650,0.06447908121410993
20027,Flemington Racecourse,-37.78720192,144.9075887,154650,145550,-9100,-0.058842547688328486
20028,Showgrounds,-37.7835,144.915,143150,114900,-28250,-0.19734544184421934
20030,Broadmeadows,-37.68304926,144.9196132,810850,878300,67450,0.08318431275821668
20031,Jacana,-37.69513079,144.9158505,221650,213150,-8500,-0.03834874802616738
20032,Glenroy,-37.70453633,144.9172204,1037400,740900,-296500,-0.2858106805475227
20033,Oak Park,-37.71794973,144.9215188,479050,418000,-61050,-0.12743972445464982
20034,Pascoe Vale,-37.73075596,144.9281956,545050,538950,-6100,-0.011191633795064673
20035,Strathmore,-37.74359132,144.9273157,318600,303300,-15300,-0.0480225988700565
20036,Glenbervie,-37.74720985,144.9209387,301950,272200,-29750,-0.09852624606722968
20037,Essendon,-37.7560117,144.9161975,1298700,1347950,49250,0.03792253792253792
20038,Moonee Ponds,-37.76570666,144.9191607,776300,782550,6250,0.0080510112070076
20039,Ascot Vale,-37.77530609,144.9218207,488800,491400,2600,0.005319148936170213
20040,Newmarket,-37.78732767,144.9289785,675600,600650,-74950,-0.1109384251036116
20041,Kensington,-37.79378022,144.9305244,424600,421500,-3100,-0.00730098916627414
20042,Box Hill,-37.81922165,145.1214289,2775200,2648350,-126850,-0.04570841741135774
40220,Roxburgh Park,-37.63823121,144.9354037,488650,498650,10000,0.020464545175483476
40221,Craigieburn,-37.6018169,144.9433203,1126250,1508250,382000,0.3391786903440622
44817,Coolaroo,-37.66100253,144.9260556,274750,281400,6650,0.024203821656050957
45793,Lynbrook,-38.05734118,145.2492751,352250,407450,55200,0.15670688431511712
45794,Cardinia Road,-38.07129047,145.437791,355850,405950,50100,0.1407896585640017
45795,South Morang,-37.6491588,145.0670324,554250,569650,15400,0.027785295444294093
46468,Williams Landing,-37.86986533,144.7474447,1419700,1389550,-30150,-0.021236881031203775
52095,Southland,-37.958758,145.049124,441650,479000,37350,0.08456922902751048
52159,Middle Gorge,-37.644062,145.09214,184700,222950,38250,0.20709258256632376
52160,Hawkstowe,-37.622992,145.097396,181900,208500,26600,0.1462341946124244
52161,Mernda,-37.602549,145.100883,527250,662700,135450,0.25689900426742535
19841,Flagstaff,-37.81198131,144.9556538,3883350,3445200,-438150,-0.11282784194059253
19842,Melbourne Central,-37.80993877,144.9625935,10865600,11876900,1011300,0.09307355323221911
19843,Parliament,-37.81105406,144.9729109,7646300,6344650,-1301650,-0.1702326615487229
19854,Flinders Street,-37.81830513,144.9669643,21503500,19633300,-1870200,-0.08697188829725394
19908,Richmond,-37.82407446,144.9901643,2965500,3712750,747250,0.25198111616928004
19973,North Melbourne,-37.80630984,144.9415102,1183050,1394050,211000,0.17835256328980179
19979,Jolimont,-37.81652702,144.9840983,787850,1060400,272550,0.34594148632353877
22180,Southern Cross,-37.81793643,144.9514112,14895400,14696050,-199350,-0.013383326396068585
