stop_id,station_name,station_latitude,station_longitude,daily_passenger_volume,annual_passenger_count,year,train_line_name
19827,Stony Point,-38.37423454,145.2218375,50,4350,FY19-20,Stony Point
19828,Crib Point,-38.36612338,145.2040433,50,10800,FY19-20,Stony Point
19829,Morradoo,-38.35403334,145.1896025,50,3400,FY19-20,Stony Point
19830,Bittern,-38.33739032,145.1780265,50,9400,FY19-20,Stony Point
19831,Hastings,-38.30565853,145.1859799,50,14000,FY19-20,Stony Point
19832,Tyabb,-38.259815,145.1864007,50,3700,FY19-20,Stony Point
19833,Somerville,-38.22534196,145.1762449,50,8950,FY19-20,Stony Point
19834,Baxter,-38.19404306,145.1605261,50,2000,FY19-20,Stony Point
19835,Glen Iris,-37.85930842,145.0582249,850,253400,FY19-20,Glen Waverley
19836,Leawarra,-38.152034,145.139534,50,6750,FY19-20,Stony Point
19837,Darling,-37.86895684,145.0629508,900,267750,FY19-20,Glen Waverley
19838,East Malvern,-37.87693002,145.069393,1350,400500,FY19-20,Glen Waverley
19839,Holmesglen,-37.87440222,145.090662,1450,439050,FY19-20,Glen Waverley
19840,Jordanville,-37.87360339,145.1120902,1350,402000,FY19-20,Glen Waverley
19844,Belgrave,-37.9091021,145.3552913,950,296550,FY19-20,Belgrave
19845,Tecoma,-37.90811849,145.3429946,200,59400,FY19-20,Belgrave
19846,Upwey,-37.90369097,145.3313334,400,120700,FY19-20,Belgrave
19847,Alamein,-37.86832039,145.0796557,400,113450,FY19-20,Alamein
19848,Ashburton,-37.86196753,145.0813438,850,239200,FY19-20,Alamein
19849,Burwood,-37.85156328,145.0805111,950,268750,FY19-20,Alamein
19850,Hartwell,-37.84398457,145.0755596,600,165200,FY19-20,Alamein
19851,Willison,-37.83571565,145.0702976,300,80300,FY19-20,Alamein
19852,Riversdale,-37.83150543,145.069646,600,161750,FY19-20,Alamein
19853,Camberwell,-37.82656714,145.0586972,4850,1496350,FY19-20,"Alamein, Belgrave, Lilydale"
19855,Frankston,-38.14299007,145.1261623,2750,896100,FY19-20,"Frankston, Stony Point"
19856,Kananook,-38.12174203,145.1352953,650,186150,FY19-20,Frankston
19857,Seaford,-38.10402104,145.1282304,1050,317100,FY19-20,Frankston
19858,Carrum,-38.07489292,145.1224183,150,41600,FY19-20,Frankston
19859,Bonbeach,-38.06294478,145.1196804,700,220450,FY19-20,Frankston
19860,Chelsea,-38.05195538,145.1160413,1150,352400,FY19-20,Frankston
19861,Edithvale,-38.03805602,145.1085355,650,196750,FY19-20,Frankston
19862,Aspendale,-38.02722019,145.1021496,500,156650,FY19-20,Frankston
19863,Mordialloc,-38.00658295,145.0876594,1750,550700,FY19-20,Frankston
19864,Parkdale,-37.99307882,145.0763268,1000,299300,FY19-20,Frankston
19865,Mentone,-37.9818654,145.0651659,1800,528700,FY19-20,Frankston
19866,Cheltenham,-37.96664989,145.0545579,1550,454850,FY19-20,Frankston
19867,Upper Ferntree Gully,-37.8926717,145.3075302,700,210850,FY19-20,Belgrave
19868,Ferntree Gully,-37.88169799,145.2952513,1300,375900,FY19-20,Belgrave
19869,Boronia,-37.8604518,145.2843851,1800,539350,FY19-20,Belgrave
19870,Bayswater,-37.84173004,145.2681364,1400,417400,FY19-20,Belgrave
19871,Heathmont,-37.82832227,145.2445554,750,214600,FY19-20,Belgrave
19872,Highett,-37.948425,145.0418718,1050,328050,FY19-20,Frankston
19873,Glen Waverley,-37.87950407,145.1620575,4250,1305600,FY19-20,Glen Waverley
19874,Syndal,-37.87622963,145.1497805,2450,708350,FY19-20,Glen Waverley
19875,Mount Waverley,-37.87525526,145.1280557,2200,662850,FY19-20,Glen Waverley
19876,Lilydale,-37.75551777,145.3477102,1800,556700,FY19-20,Lilydale
19877,Mooroolbark,-37.78474883,145.3124024,1950,568300,FY19-20,Lilydale
19878,Croydon,-37.79543697,145.2805978,2450,726050,FY19-20,Lilydale
19879,Ringwood East,-37.81196804,145.2501909,1300,369900,FY19-20,Lilydale
19880,Pakenham,-38.08061397,145.4863791,1500,465800,FY19-20,Pakenham
19881,Officer,-38.06614572,145.4109872,500,132100,FY19-20,Pakenham
19882,Beaconsfield,-38.05083135,145.3660737,850,234200,FY19-20,Pakenham
19883,Berwick,-38.04040829,145.3457261,2650,754550,FY19-20,Pakenham
19884,Narre Warren,-38.02780932,145.3039694,2000,587550,FY19-20,Pakenham
19885,Hallam,-38.01774038,145.2697768,1600,463500,FY19-20,Pakenham
19886,Cranbourne,-38.09953731,145.280599,2600,773050,FY19-20,Cranbourne
19887,Merinda Park,-38.07900048,145.2635114,1050,301600,FY19-20,Cranbourne
19888,Dandenong,-37.98996792,145.2097254,6050,1819050,FY19-20,"Cranbourne, Pakenham"
19889,Yarraman,-37.97825454,145.1916003,950,283350,FY19-20,"Cranbourne, Pakenham"
19890,Noble Park,-37.96723193,145.1769357,2850,868350,FY19-20,"Cranbourne, Pakenham"
19891,Sandown Park,-37.95650457,145.1628259,1550,443950,FY19-20,"Cranbourne, Pakenham"
19892,East Camberwell,-37.82589419,145.0681902,700,201450,FY19-20,"Belgrave, Lilydale"
19893,Canterbury,-37.82448518,145.0812242,950,284700,FY19-20,"Belgrave, Lilydale"
19894,Chatham,-37.82429952,145.0886479,700,196950,FY19-20,"Belgrave, Lilydale"
19895,Surrey Hills,-37.82414805,145.0987747,1900,568250,FY19-20,"Belgrave, Lilydale"
19896,Mont Albert,-37.81942655,145.1055304,650,200300,FY19-20,"Belgrave, Lilydale"
19897,Laburnum,-37.82078023,145.1407027,1150,340950,FY19-20,"Belgrave, Lilydale"
19898,Blackburn,-37.82007075,145.1500135,3950,1185100,FY19-20,"Belgrave, Lilydale"
19899,Nunawading,-37.82060317,145.1748917,2950,888900,FY19-20,"Belgrave, Lilydale"
19900,Mitcham,-37.81800987,145.1919735,3250,945050,FY19-20,"Belgrave, Lilydale"
19901,Heatherdale,-37.81889537,145.2127872,1650,471200,FY19-20,"Belgrave, Lilydale"
19902,Ringwood,-37.81588648,145.2289685,4650,1475200,FY19-20,"Belgrave, Lilydale"
19903,Auburn,-37.82239831,145.0458437,1950,584350,FY19-20,"Alamein, Belgrave, Lilydale"
19904,Glenferrie,-37.82146682,145.0364388,6850,1949900,FY19-20,"Alamein, Belgrave, Lilydale"
19905,Hawthorn,-37.82182601,145.0228987,1900,553450,FY19-20,"Alamein, Belgrave, Lilydale"
19906,Burnley,-37.82756022,145.0075551,2150,633700,FY19-20,"Alamein, Belgrave, Lilydale, Glen Waverley"
19907,East Richmond,-37.82639995,144.9970657,1850,506300,FY19-20,"Alamein, Belgrave, Lilydale, Glen Waverley"
19909,Heyington,-37.83467244,145.0226353,600,163100,FY19-20,Glen Waverley
19910,Kooyong,-37.83992894,145.0335516,900,263150,FY19-20,Glen Waverley
19911,Tooronga,-37.84936553,145.0417337,1600,456150,FY19-20,Glen Waverley
19912,Gardiner,-37.85327908,145.0516547,1300,389800,FY19-20,Glen Waverley
19913,Springvale,-37.94950878,145.1534518,4000,1295050,FY19-20,"Cranbourne, Pakenham"
19914,Westall,-37.93849121,145.1388326,1950,676550,FY19-20,"Cranbourne, Pakenham"
19915,Clayton,-37.92468255,145.1205344,4450,1388700,FY19-20,"Cranbourne, Pakenham"
19916,Huntingdale,-37.91101734,145.1023643,4100,1151750,FY19-20,"Cranbourne, Pakenham"
19917,Oakleigh,-37.90037214,145.0883079,3950,1215300,FY19-20,"Cranbourne, Pakenham"
19918,Hughesdale,-37.89488129,145.0776351,1650,501050,FY19-20,"Cranbourne, Pakenham"
19919,Murrumbeena,-37.89019832,145.0673749,2100,625600,FY19-20,"Cranbourne, Pakenham"
19920,Carnegie,-37.88624148,145.0585751,2750,833000,FY19-20,"Cranbourne, Pakenham"
19921,Werribee,-37.89937805,144.661118,3650,1061600,FY19-20,Werribee
19922,Hoppers Crossing,-37.88327618,144.7009549,3750,1079900,FY19-20,Werribee
19923,Laverton,-37.86369404,144.7726167,3250,944750,FY19-20,Werribee
19924,Aircraft,-37.86660595,144.7608094,850,248950,FY19-20,Werribee
19925,Westona,-37.86516348,144.8134936,750,212000,FY19-20,Werribee
19926,Altona,-37.8671476,144.8296447,850,261900,FY19-20,Werribee
19927,Seaholme,-37.86784231,144.8409577,300,89300,FY19-20,Werribee
19928,Westgarth,-37.7806207,144.9992332,750,227000,FY19-20,Hurstbridge
19929,Dennis,-37.77918729,145.0082416,1050,305550,FY19-20,Hurstbridge
19930,Fairfield,-37.77917126,145.0169053,1650,509000,FY19-20,Hurstbridge
19931,Alphington,-37.77839363,145.0312549,800,239400,FY19-20,Hurstbridge
19932,Darebin,-37.77496341,145.038476,400,118850,FY19-20,Hurstbridge
19933,Ivanhoe,-37.76889674,145.0454252,2050,604100,FY19-20,Hurstbridge
19934,Eaglemont,-37.76358553,145.0539427,450,128000,FY19-20,Hurstbridge
19935,Heidelberg,-37.75707293,145.0606855,2200,647000,FY19-20,Hurstbridge
19936,Rosanna,-37.7428786,145.0661403,1850,552500,FY19-20,Hurstbridge
19937,Moorabbin,-37.93435329,145.0367383,2050,671250,FY19-20,Frankston
19938,Patterson,-37.92514919,145.03547,850,249700,FY19-20,Frankston
19939,Bentleigh,-37.91742457,145.0369951,1650,515100,FY19-20,Frankston
19940,Mckinnon,-37.91030903,145.038299,1100,324500,FY19-20,"Frankston, Frankston"
19941,Ormond,-37.90321167,145.0396134,1750,528350,FY19-20,Frankston
19942,Glenhuntly,-37.88971946,145.0422229,2150,660200,FY19-20,Frankston
19943,Caulfield,-37.87745946,145.0425248,9050,2853200,FY19-20,"Frankston, Cranbourne, Pakenham"
19944,Malvern,-37.8662533,145.0292939,1900,586650,FY19-20,"Frankston, Cranbourne, Pakenham"
19945,Armadale,-37.85645238,145.0193255,1350,414400,FY19-20,"Frankston, Cranbourne, Pakenham"
19946,Toorak,-37.85077381,145.0139086,1250,370450,FY19-20,"Frankston, Cranbourne, Pakenham"
19947,Hawksburn,-37.84459087,145.0021421,1200,369550,FY19-20,"Frankston, Cranbourne, Pakenham"
19948,Sandringham,-37.95033018,145.0045614,2600,813600,FY19-20,Sandringham
19949,Hampton,-37.93797681,145.0014706,1650,501150,FY19-20,Sandringham
19950,Brighton Beach,-37.92648432,144.9891536,1100,345550,FY19-20,Sandringham
19951,Middle Brighton,-37.91513441,144.9962991,1750,567700,FY19-20,Sandringham
19952,North Brighton,-37.90488721,145.002605,1850,554050,FY19-20,Sandringham
19953,Gardenvale,-37.89669508,145.0041684,1400,421550,FY19-20,Sandringham
19954,Elsternwick,-37.88475311,145.0008979,2600,797150,FY19-20,Sandringham
19955,Ripponlea,-37.87590643,144.9952366,1800,531200,FY19-20,Sandringham
19956,Balaclava,-37.86948773,144.9935121,3050,923000,FY19-20,Sandringham
19957,Windsor,-37.85605308,144.9920352,2400,714100,FY19-20,Sandringham
19958,Prahran,-37.84951848,144.9898599,3200,951300,FY19-20,Sandringham
19959,South Yarra,-37.83844935,144.9923422,10650,3151600,FY19-20,"Frankston, Sandringham, Cranbourne, Pakenham"
19960,Upfield,-37.66607779,144.9467399,950,284700,FY19-20,Upfield
19961,Gowrie,-37.700678,144.9588743,850,258500,FY19-20,Upfield
19962,Fawkner,-37.71462129,144.960545,550,165300,FY19-20,Upfield
19963,Merlynston,-37.72093389,144.9613135,1000,296300,FY19-20,Upfield
19964,Batman,-37.73352285,144.9628406,850,257000,FY19-20,Upfield
19965,Coburg,-37.74234502,144.9633363,1650,508700,FY19-20,Upfield
19966,Moreland,-37.75448484,144.961823,900,272400,FY19-20,Upfield
19967,Anstey,-37.76124203,144.960684,1150,357050,FY19-20,Upfield
19968,Brunswick,-37.76772055,144.9595865,950,304300,FY19-20,Upfield
19969,Jewell,-37.77498702,144.9587169,1000,315750,FY19-20,Upfield
19970,Royal Park,-37.78119293,144.9523013,850,269450,FY19-20,Upfield
19971,Flemington Bridge,-37.78813995,144.9393233,750,225150,FY19-20,Upfield
19972,Macaulay,-37.79426673,144.9361663,850,249450,FY19-20,Upfield
19974,Clifton Hill,-37.78865745,144.9954167,2250,709000,FY19-20,"Hurstbridge, Mernda"
19975,Victoria Park,-37.79915782,144.9944514,2000,612450,FY19-20,"Hurstbridge, Mernda"
19976,Collingwood,-37.80452593,144.9937497,1550,460950,FY19-20,"Hurstbridge, Mernda"
19977,North Richmond,-37.81039836,144.9925003,2400,738350,FY19-20,"Hurstbridge, Mernda"
19978,West Richmond,-37.81494896,144.9914228,1450,436500,FY19-20,"Hurstbridge, Mernda"
19983,Macleod,-37.7260123,145.0691433,1600,469500,FY19-20,Hurstbridge
19984,Watsonia,-37.71095798,145.0837934,1950,577000,FY19-20,Hurstbridge
19985,Greensborough,-37.70395408,145.1082474,1900,588050,FY19-20,Hurstbridge
19986,Montmorency,-37.71529624,145.1215157,850,254100,FY19-20,Hurstbridge
19987,Eltham,-37.71354967,145.147822,1550,461400,FY19-20,Hurstbridge
19988,Diamond Creek,-37.67329744,145.1585062,500,151700,FY19-20,Hurstbridge
19989,Wattle Glen,-37.66396792,145.1816145,100,35850,FY19-20,Hurstbridge
19990,Hurstbridge,-37.63939817,145.1920169,300,98200,FY19-20,Hurstbridge
19991,Williamstown,-37.86775292,144.9053233,400,132850,FY19-20,Williamstown
19992,Williamstown Beach,-37.86398189,144.8944837,550,162050,FY19-20,Williamstown
19993,North Williamstown,-37.85733348,144.8890695,1000,289450,FY19-20,Williamstown
19994,Newport,-37.84271757,144.8835999,3450,1037400,FY19-20,"Werribee, Williamstown"
19995,Spotswood,-37.83063888,144.8859335,900,273300,FY19-20,"Werribee, Williamstown"
19996,Yarraville,-37.81585044,144.8899337,2600,785800,FY19-20,"Werribee, Williamstown"
19997,Seddon,-37.80900514,144.8956716,1300,379400,FY19-20,"Werribee, Williamstown"
15351,Sunbury,-37.57909097,144.7273188,2050,628800,FY19-20,Sunbury
15353,Diggers Rest,-37.62701651,144.7199224,650,185050,FY19-20,Sunbury
20000,Watergardens,-37.70112872,144.7741805,4350,1300950,FY19-20,Sunbury
20001,Keilor Plains,-37.72927934,144.7937381,2100,632200,FY19-20,Sunbury
20002,St Albans,-37.74486131,144.8000505,3100,963000,FY19-20,Sunbury
20003,Ginifer,-37.75751083,144.8095734,2150,659350,FY19-20,Sunbury
20004,Albion,-37.77765281,144.8247036,1800,537450,FY19-20,Sunbury
20005,Epping,-37.65238715,145.0301217,2350,690350,FY19-20,Mernda
20006,Lalor,-37.66585075,145.0171932,1650,477500,FY19-20,Mernda
20007,Thomastown,-37.68033809,145.0142789,2000,600300,FY19-20,Mernda
20008,Keon Park,-37.69487012,145.0118838,1000,313250,FY19-20,Mernda
20009,Ruthven,-37.70789754,145.0095166,1100,334100,FY19-20,Mernda
20010,Reservoir,-37.71688492,145.0069958,1700,517550,FY19-20,Mernda
20011,Regent,-37.72840277,145.0027726,1350,399650,FY19-20,Mernda
20012,Preston,-37.73867424,145.000522,2050,648650,FY19-20,Mernda
20013,Bell,-37.74556212,145.000155,1400,444100,FY19-20,Mernda
20014,Thornbury,-37.75505179,144.9985715,1700,544200,FY19-20,Mernda
20015,Croxton,-37.764101,144.9970562,900,281250,FY19-20,Mernda
20016,Northcote,-37.76986537,144.9952772,1000,308200,FY19-20,Mernda
20017,Merri,-37.77784668,144.9929725,500,153450,FY19-20,Mernda
20019,Rushall,-37.78321711,144.9924071,400,124600,FY19-20,Mernda
20021,Sunshine,-37.78853633,144.8328782,5700,1753250,FY19-20,Sunbury
20022,Tottenham,-37.7992509,144.8629449,1450,442450,FY19-20,Sunbury
20023,West Footscray,-37.8018087,144.8853248,1700,515950,FY19-20,Sunbury
20024,Middle Footscray,-37.8025047,144.8914721,600,191600,FY19-20,Sunbury
20025,Footscray,-37.80108298,144.9031992,13350,4038750,FY19-20,"Werribee, Williamstown, Sunbury"
20026,South Kensington,-37.79953087,144.925469,1050,304750,FY19-20,"Werribee, Williamstown, Sunbury"
20027,Flemington Racecourse,-37.78720192,144.9075887,100,154650,FY19-20,Flemington Racecourse
20028,Showgrounds,-37.7835,144.915,300,143150,FY19-20,Flemington Racecourse
20030,Broadmeadows,-37.68304926,144.9196132,2600,810850,FY19-20,Craigieburn
20031,Jacana,-37.69513079,144.9158505,700,221650,FY19-20,Craigieburn
20032,Glenroy,-37.70453633,144.9172204,3350,1037400,FY19-20,Craigieburn
20033,Oak Park,-37.71794973,144.9215188,1600,479050,FY19-20,Craigieburn
20034,Pascoe Vale,-37.73075596,144.9281956,1800,545050,FY19-20,Craigieburn
20035,Strathmore,-37.74359132,144.9273157,1100,318600,FY19-20,Craigieburn
20036,Glenbervie,-37.74720985,144.9209387,1050,301950,FY19-20,Craigieburn
20037,Essendon,-37.7560117,144.9161975,4300,1298700,FY19-20,Craigieburn
20038,Moonee Ponds,-37.76570666,144.9191607,2550,776300,FY19-20,Craigieburn
20039,Ascot Vale,-37.77530609,144.9218207,1650,488800,FY19-20,Craigieburn
20040,Newmarket,-37.78732767,144.9289785,2200,675600,FY19-20,Craigieburn
20041,Kensington,-37.79378022,144.9305244,1350,424600,FY19-20,Craigieburn
20042,Box Hill,-37.81922165,145.1214289,9050,2775200,FY19-20,"Belgrave, Lilydale"
40220,Roxburgh Park,-37.63823121,144.9354037,1650,488650,FY19-20,Craigieburn
40221,Craigieburn,-37.6018169,144.9433203,3700,1126250,FY19-20,Craigieburn
44817,Coolaroo,-37.66100253,144.9260556,950,274750,FY19-20,Craigieburn
45793,Lynbrook,-38.05734118,145.2492751,1250,352250,FY19-20,Cranbourne
45794,Cardinia Road,-38.07129047,145.437791,1250,355850,FY19-20,Pakenham
45795,South Morang,-37.6491588,145.0670324,1850,554250,FY19-20,Mernda
46468,Williams Landing,-37.86986533,144.7474447,5100,1419700,FY19-20,Werribee
52095,Southland,-37.958758,145.049124,1300,441650,FY19-20,Frankston
52159,Middle Gorge,-37.644062,145.09214,650,184700,FY19-20,Mernda
52160,Hawkstowe,-37.622992,145.097396,650,181900,FY19-20,Mernda
52161,Mernda,-37.602549,145.100883,1800,527250,FY19-20,Mernda
19841,Flagstaff,-37.81198131,144.9556538,14600,3883350,FY19-20,"Hurstbridge, Mernda, Craigieburn, Upfield, Frankston, Werribee, Williamstown, Sunbury, Cranbourne, Pakenham"
19842,Melbourne Central,-37.80993877,144.9625935,36300,10865600,FY19-20,"Hurstbridge, Mernda, Craigieburn, Upfield, Frankston, Werribee, Williamstown, Sunbury, Cranbourne, Pakenham"
19843,Parliament,-37.81105406,144.9729109,28300,7646300,FY19-20,"Hurstbridge, Mernda, Craigieburn, Upfield, Frankston, Werribee, Williamstown, Sunbury, Cranbourne, Pakenham"
19854,Flinders Street,-37.81830513,144.9669643,70500,21503500,FY19-20,"Alamein, Belgrave, Lilydale, Glen Waverley, Hurstbridge, Mernda, Craigieburn, Upfield, Frankston, Werribee, Williamstown, Sandringham, Sunbury, Cranbourne, Pakenham, Flemington Racecourse"
19908,Richmond,-37.82407446,144.9901643,8600,2965500,FY19-20,"Alamein, Belgrave, Lilydale, Glen Waverley, Frankston, Sandringham, Cranbourne, Pakenham"
19973,North Melbourne,-37.80630984,144.9415102,3800,1183050,FY19-20,"Craigieburn, Upfield, Werribee, Williamstown, Sunbury, Flemington Racecourse"
19979,Jolimont,-37.81652702,144.9840983,2000,787850,FY19-20,"Hurstbridge, Mernda"
22180,Southern Cross,-37.81793643,144.9514112,52450,14895400,FY19-20,"Hurstbridge, Mernda, Craigieburn, Upfield, Frankston, Werribee, Williamstown, Sunbury, Cranbourne, Pakenham, Flemington Racecourse"
